{
  "nric_regex": {
    "precision": 0.75,
    "recall": 0.42857142857142855,
    "f1-score": 0.5454545454545454,
    "support": 7,
    "confused_with": {
      "submission_type": 1
    }
  },
  "cancel_syn": {
    "precision": 0.0,
    "recall": 0.0,
    "f1-score": 0.0,
    "support": 2,
    "confused_with": {}
  },
  "main_topic": {
    "precision": 0.5333333333333333,
    "recall": 0.26666666666666666,
    "f1-score": 0.3555555555555555,
    "support": 30,
    "confused_with": {
      "claim_topic": 2
    }
  },
  "submission_type": {
    "precision": 0.7763157894736842,
    "recall": 0.8309859154929577,
    "f1-score": 0.802721088435374,
    "support": 71,
    "confused_with": {}
  },
  "general_practioner_syn": {
    "precision": 0.6666666666666666,
    "recall": 0.5,
    "f1-score": 0.5714285714285715,
    "support": 8,
    "confused_with": {
      "is_panel_hospital": 1
    }
  },
  "bye_syn": {
    "precision": 0.5714285714285714,
    "recall": 0.4444444444444444,
    "f1-score": 0.5,
    "support": 9,
    "confused_with": {
      "hello_syn": 2
    }
  },
  "vaccination_syn": {
    "precision": 0.75,
    "recall": 0.5,
    "f1-score": 0.6,
    "support": 6,
    "confused_with": {}
  },
  "email": {
    "precision": 1.0,
    "recall": 0.7142857142857143,
    "f1-score": 0.8333333333333333,
    "support": 7,
    "confused_with": {}
  },
  "claim_type": {
    "precision": 0.6956521739130435,
    "recall": 0.6666666666666666,
    "f1-score": 0.6808510638297872,
    "support": 24,
    "confused_with": {
      "is_inpatient": 3
    }
  },
  "is_inpatient": {
    "precision": 0.7222222222222222,
    "recall": 0.41935483870967744,
    "f1-score": 0.5306122448979592,
    "support": 31,
    "confused_with": {
      "claim_type": 4
    }
  },
  "is_panel_hospital": {
    "precision": 0.8421052631578947,
    "recall": 1.0,
    "f1-score": 0.9142857142857143,
    "support": 16,
    "confused_with": {}
  },
  "family_syn": {
    "precision": 0.5,
    "recall": 0.16666666666666666,
    "f1-score": 0.25,
    "support": 6,
    "confused_with": {}
  },
  "telnum_regex": {
    "precision": 1.0,
    "recall": 1.0,
    "f1-score": 1.0,
    "support": 6,
    "confused_with": {}
  },
  "hello_syn": {
    "precision": 0.36363636363636365,
    "recall": 0.3333333333333333,
    "f1-score": 0.34782608695652173,
    "support": 12,
    "confused_with": {
      "bye_syn": 3
    }
  },
  "coronavirus_syn": {
    "precision": 0.8333333333333334,
    "recall": 0.625,
    "f1-score": 0.7142857142857143,
    "support": 8,
    "confused_with": {}
  },
  "claim_topic": {
    "precision": 0.09090909090909091,
    "recall": 0.05,
    "f1-score": 0.06451612903225806,
    "support": 20,
    "confused_with": {}
  },
  "unclear_mmm_regex": {
    "precision": 1.0,
    "recall": 0.6666666666666666,
    "f1-score": 0.8,
    "support": 3,
    "confused_with": {
      "nric_regex": 1
    }
  },
  "PERSON": {
    "precision": 0.0,
    "recall": 0.0,
    "f1-score": 0.0,
    "support": 7,
    "confused_with": {
      "submission_type": 2,
      "coronavirus_syn": 1
    }
  },
  "micro avg": {
    "precision": 0.6880733944954128,
    "recall": 0.5494505494505495,
    "f1-score": 0.6109979633401222,
    "support": 273
  },
  "macro avg": {
    "precision": 0.6164223782263447,
    "recall": 0.4784801300835679,
    "f1-score": 0.5283816693052965,
    "support": 273
  },
  "weighted avg": {
    "precision": 0.6437777349840116,
    "recall": 0.5494505494505495,
    "f1-score": 0.5805102767738247,
    "support": 273
  }
}